question,category
What happens if I pay tuition late?,Financial Aid & Tuition
Does PSY100 have tutorials?,Course Information
Can prerequisites for CSC148 be waived?,Course Prerequisites
Can I complete my Economics early?,Degree Requirements
Are study rooms available in the library?,Campus Services
How do I schedule a Writing Center appointment?,Academic Support
Are resume workshops available?,Career Services & Co-op
Is housing guaranteed for first-year students?,Housing & Residence
When is my tuition payment due?,Financial Aid & Tuition
Is attendance mandatory for MAT135?,Course Information
Are there alternatives to MAT135 as a prerequisite?,Course Prerequisites
How do I officially choose a major?,Degree Requirements
How can I access student healthcare services?,Campus Services
Where can I find tutoring for mathematics?,Academic Support
Are resume workshops available?,Career Services & Co-op
How do campus meal plans work?,Housing & Residence
What happens if I pay tuition late?,Financial Aid & Tuition
Is attendance mandatory for CSC148?,Course Information
Where can I find prerequisite information?,Course Prerequisites
How many credits do I need to graduate?,Degree Requirements
How do I get a new student ID?,Campus Services
Is peer tutoring free?,Academic Support
Where do I find job listings?,Career Services & Co-op
Can I pick my roommate?,Housing & Residence
What financial aid options are available?,Financial Aid & Tuition
How many hours per week is PSY100?,Course Information
Where can I find prerequisite information?,Course Prerequisites
How many credits do I need to graduate?,Degree Requirements
Where is student counseling located?,Campus Services
Are study skills workshops available?,Academic Support
Where do I find job listings?,Career Services & Co-op
What's included in residence fees?,Housing & Residence
Can I get financial aid as an international student?,Financial Aid & Tuition
How many hours per week is ECO101?,Course Information
Are there alternatives to ECO101 as a prerequisite?,Course Prerequisites
What courses must I take for Physics?,Degree Requirements
How can I access student healthcare services?,Campus Services
Can someone help me with essay writing?,Academic Support
How do I find internships?,Career Services & Co-op
How do campus meal plans work?,Housing & Residence
When is my tuition payment due?,Financial Aid & Tuition
Who is the professor for MAT135?,Course Information
Are there alternatives to CSC148 as a prerequisite?,Course Prerequisites
What's the difference between a major and minor?,Degree Requirements
Where can I print documents on campus?,Campus Services
Is peer tutoring free?,Academic Support
Are resume workshops available?,Career Services & Co-op
What's included in residence fees?,Housing & Residence
How do I check my scholarship status?,Financial Aid & Tuition
Who is the professor for MAT135?,Course Information
Do I need CSC148 to take CSC148?,Course Prerequisites
What's the difference between a major and minor?,Degree Requirements
How can I access student healthcare services?,Campus Services
Where can I find tutoring for mathematics?,Academic Support
Are resume workshops available?,Career Services & Co-op
How do I apply for student housing?,Housing & Residence
What happens if I pay tuition late?,Financial Aid & Tuition
Who is the professor for PSY100?,Course Information
Do I need PSY100 to take CSC148?,Course Prerequisites
How do I officially choose a major?,Degree Requirements
How can I access student healthcare services?,Campus Services
How do I schedule a Writing Center appointment?,Academic Support
When should I start applying for jobs?,Career Services & Co-op
What's included in residence fees?,Housing & Residence
Can I get financial aid as an international student?,Financial Aid & Tuition
How many hours per week is PSY100?,Course Information
Where can I find prerequisite information?,Course Prerequisites
Can I complete my History early?,Degree Requirements
How do I get a new student ID?,Campus Services
Are study skills workshops available?,Academic Support
Are there co-op programs for my major?,Career Services & Co-op
How do campus meal plans work?,Housing & Residence
What financial aid options are available?,Financial Aid & Tuition
Who is the professor for BIO130?,Course Information
Do I need PSY100 to take ECO101?,Course Prerequisites
How do I officially choose a major?,Degree Requirements
Are study rooms available in the library?,Campus Services
How do I schedule a Writing Center appointment?,Academic Support
Are there co-op programs for my major?,Career Services & Co-op
What's included in residence fees?,Housing & Residence
What financial aid options are available?,Financial Aid & Tuition
What topics are covered in PSY100?,Course Information
What happens if I don't have prerequisites for ECO101?,Course Prerequisites
What's the difference between a major and minor?,Degree Requirements
How can I access student healthcare services?,Campus Services
Are study skills workshops available?,Academic Support
Are resume workshops available?,Career Services & Co-op
How do I apply for student housing?,Housing & Residence
Can I get financial aid as an international student?,Financial Aid & Tuition
What topics are covered in ECO101?,Course Information
Can prerequisites for CSC148 be waived?,Course Prerequisites
How do I officially choose a major?,Degree Requirements
Where is student counseling located?,Campus Services
Where can I find tutoring for physics?,Academic Support
How do I find internships?,Career Services & Co-op
How do campus meal plans work?,Housing & Residence
What happens if I pay tuition late?,Financial Aid & Tuition
Is attendance mandatory for CSC148?,Course Information
What happens if I don't have prerequisites for PSY100?,Course Prerequisites
What's the difference between a major and minor?,Degree Requirements
How do I get a new student ID?,Campus Services
Is peer tutoring free?,Academic Support
How do I find internships?,Career Services & Co-op
How do I apply for student housing?,Housing & Residence
When is my tuition payment due?,Financial Aid & Tuition
Does BIO130 have tutorials?,Course Information
What happens if I don't have prerequisites for BIO130?,Course Prerequisites
How do I officially choose a major?,Degree Requirements
How can I access student healthcare services?,Campus Services
Where can I find tutoring for writing?,Academic Support
Where do I find job listings?,Career Services & Co-op
Can I pick my roommate?,Housing & Residence
What financial aid options are available?,Financial Aid & Tuition
Does ECO101 have tutorials?,Course Information
Can prerequisites for CSC148 be waived?,Course Prerequisites
How many credits do I need to graduate?,Degree Requirements
Where is student counseling located?,Campus Services
Where can I find tutoring for biology?,Academic Support
How do I find internships?,Career Services & Co-op
What's included in residence fees?,Housing & Residence
Can I get financial aid as an international student?,Financial Aid & Tuition
Who is the professor for ECO101?,Course Information
Can prerequisites for MAT135 be waived?,Course Prerequisites
Can I complete my Physics early?,Degree Requirements
Where is student counseling located?,Campus Services
Where can I find tutoring for economics?,Academic Support
Where do I find job listings?,Career Services & Co-op
Can I pick my roommate?,Housing & Residence
What happens if I pay tuition late?,Financial Aid & Tuition
How many hours per week is BIO130?,Course Information
Where can I find prerequisite information?,Course Prerequisites
What's the difference between a major and minor?,Degree Requirements
How can I access student healthcare services?,Campus Services
Is peer tutoring free?,Academic Support
Where do I find job listings?,Career Services & Co-op
How do campus meal plans work?,Housing & Residence
What happens if I pay tuition late?,Financial Aid & Tuition
What topics are covered in CSC148?,Course Information
Are there alternatives to BIO130 as a prerequisite?,Course Prerequisites
How do I officially choose a major?,Degree Requirements
Are study rooms available in the library?,Campus Services
How do I schedule a Writing Center appointment?,Academic Support
Are resume workshops available?,Career Services & Co-op
What's included in residence fees?,Housing & Residence
Can I get financial aid as an international student?,Financial Aid & Tuition
Is attendance mandatory for PSY100?,Course Information
Can prerequisites for ECO101 be waived?,Course Prerequisites
Can I complete my Engineering early?,Degree Requirements
Where is student counseling located?,Campus Services
How do I schedule a Writing Center appointment?,Academic Support
Are there co-op programs for my major?,Career Services & Co-op
Can I pick my roommate?,Housing & Residence
When is my tuition payment due?,Financial Aid & Tuition
What topics are covered in ECO101?,Course Information
Where can I find prerequisite information?,Course Prerequisites
Can I complete my Psychology early?,Degree Requirements
Where is student counseling located?,Campus Services
Is peer tutoring free?,Academic Support
Where do I find job listings?,Career Services & Co-op
How do I apply for student housing?,Housing & Residence
How do I check my scholarship status?,Financial Aid & Tuition
Does MAT135 have tutorials?,Course Information
Do I need CSC148 to take PSY100?,Course Prerequisites
Can I complete my Psychology early?,Degree Requirements
Where is student counseling located?,Campus Services
Is peer tutoring free?,Academic Support
Are resume workshops available?,Career Services & Co-op
Can I pick my roommate?,Housing & Residence
What happens if I pay tuition late?,Financial Aid & Tuition
Is attendance mandatory for ECO101?,Course Information
Where can I find prerequisite information?,Course Prerequisites
How many credits do I need to graduate?,Degree Requirements
Where can I print documents on campus?,Campus Services
How do I schedule a Writing Center appointment?,Academic Support
How do I find internships?,Career Services & Co-op
What's included in residence fees?,Housing & Residence
Can I get financial aid as an international student?,Financial Aid & Tuition
Who is the professor for PSY100?,Course Information
Can prerequisites for ECO101 be waived?,Course Prerequisites
How do I officially choose a major?,Degree Requirements
Where can I print documents on campus?,Campus Services
Can someone help me with essay writing?,Academic Support
Are there co-op programs for my major?,Career Services & Co-op
What's included in residence fees?,Housing & Residence
How do I check my scholarship status?,Financial Aid & Tuition
Does MAT135 have tutorials?,Course Information
What happens if I don't have prerequisites for PSY100?,Course Prerequisites
How many credits do I need to graduate?,Degree Requirements
How do I get a new student ID?,Campus Services
Is peer tutoring free?,Academic Support
Are resume workshops available?,Career Services & Co-op
What's included in residence fees?,Housing & Residence
What financial aid options are available?,Financial Aid & Tuition
What topics are covered in ECO101?,Course Information
What happens if I don't have prerequisites for ECO101?,Course Prerequisites
What courses must I take for Physics?,Degree Requirements
How can I access student healthcare services?,Campus Services
Where can I find tutoring for economics?,Academic Support
How do I find internships?,Career Services & Co-op
Can I pick my roommate?,Housing & Residence
When is my tuition payment due?,Financial Aid & Tuition
Is attendance mandatory for MAT135?,Course Information
What happens if I don't have prerequisites for MAT135?,Course Prerequisites
Can I complete my Engineering early?,Degree Requirements
Where can I print documents on campus?,Campus Services
How do I schedule a Writing Center appointment?,Academic Support
Are resume workshops available?,Career Services & Co-op
What's included in residence fees?,Housing & Residence
What happens if I pay tuition late?,Financial Aid & Tuition
Does PSY100 have tutorials?,Course Information
Where can I find prerequisite information?,Course Prerequisites
How do I officially choose a major?,Degree Requirements
Where is student counseling located?,Campus Services
How do I schedule a Writing Center appointment?,Academic Support
When should I start applying for jobs?,Career Services & Co-op
Is housing guaranteed for first-year students?,Housing & Residence
What happens if I pay tuition late?,Financial Aid & Tuition
Is attendance mandatory for BIO130?,Course Information
Where can I find prerequisite information?,Course Prerequisites
Can I complete my Psychology early?,Degree Requirements
How can I access student healthcare services?,Campus Services
Is peer tutoring free?,Academic Support
Where do I find job listings?,Career Services & Co-op
Can I pick my roommate?,Housing & Residence
How do I check my scholarship status?,Financial Aid & Tuition
Who is the professor for ECO101?,Course Information
Do I need ECO101 to take BIO130?,Course Prerequisites
What courses must I take for Psychology?,Degree Requirements
Are study rooms available in the library?,Campus Services
Where can I find tutoring for physics?,Academic Support
How do I find internships?,Career Services & Co-op
How do campus meal plans work?,Housing & Residence
Can I get financial aid as an international student?,Financial Aid & Tuition
Does MAT135 have tutorials?,Course Information
Do I need ECO101 to take PSY100?,Course Prerequisites
Can I complete my History early?,Degree Requirements
How can I access student healthcare services?,Campus Services
Where can I find tutoring for biology?,Academic Support
When should I start applying for jobs?,Career Services & Co-op
How do campus meal plans work?,Housing & Residence
What happens if I pay tuition late?,Financial Aid & Tuition
Who is the professor for BIO130?,Course Information
What happens if I don't have prerequisites for MAT135?,Course Prerequisites
How do I officially choose a major?,Degree Requirements
How can I access student healthcare services?,Campus Services
How do I schedule a Writing Center appointment?,Academic Support
How do I find internships?,Career Services & Co-op
How do I apply for student housing?,Housing & Residence
What happens if I pay tuition late?,Financial Aid & Tuition
How many hours per week is CSC148?,Course Information
What happens if I don't have prerequisites for ECO101?,Course Prerequisites
How do I officially choose a major?,Degree Requirements
Are study rooms available in the library?,Campus Services
Where can I find tutoring for mathematics?,Academic Support
How do I find internships?,Career Services & Co-op
How do campus meal plans work?,Housing & Residence
Can I get financial aid as an international student?,Financial Aid & Tuition
Is attendance mandatory for PSY100?,Course Information
Where can I find prerequisite information?,Course Prerequisites
Can I complete my History early?,Degree Requirements
How do I get a new student ID?,Campus Services
Is peer tutoring free?,Academic Support
Are there co-op programs for my major?,Career Services & Co-op
What's included in residence fees?,Housing & Residence
What financial aid options are available?,Financial Aid & Tuition
Is attendance mandatory for MAT135?,Course Information
Where can I find prerequisite information?,Course Prerequisites
How many credits do I need to graduate?,Degree Requirements
Where can I print documents on campus?,Campus Services
Is peer tutoring free?,Academic Support
Are there co-op programs for my major?,Career Services & Co-op
What's included in residence fees?,Housing & Residence
When is my tuition payment due?,Financial Aid & Tuition
Does MAT135 have tutorials?,Course Information
Are there alternatives to MAT135 as a prerequisite?,Course Prerequisites
How do I officially choose a major?,Degree Requirements
How do I get a new student ID?,Campus Services
Is peer tutoring free?,Academic Support
Are there co-op programs for my major?,Career Services & Co-op
Is housing guaranteed for first-year students?,Housing & Residence
How do I check my scholarship status?,Financial Aid & Tuition
What topics are covered in PSY100?,Course Information
What happens if I don't have prerequisites for BIO130?,Course Prerequisites
How many credits do I need to graduate?,Degree Requirements
Where can I print documents on campus?,Campus Services
Where can I find tutoring for physics?,Academic Support
Where do I find job listings?,Career Services & Co-op
Can I pick my roommate?,Housing & Residence
When is my tuition payment due?,Financial Aid & Tuition
What topics are covered in PSY100?,Course Information
Are there alternatives to MAT135 as a prerequisite?,Course Prerequisites
What's the difference between a major and minor?,Degree Requirements
Are study rooms available in the library?,Campus Services
Can someone help me with essay writing?,Academic Support
When should I start applying for jobs?,Career Services & Co-op
How do I apply for student housing?,Housing & Residence
How do I check my scholarship status?,Financial Aid & Tuition
What topics are covered in BIO130?,Course Information
Where can I find prerequisite information?,Course Prerequisites
Can I complete my Engineering early?,Degree Requirements
